id,first_name,last_name,email,gender,ip_address,emp_join_date,emp_country
1,Fayth,Paddock,fpaddock0@nytimes.com,Female,95.152.83.222,2020/09/15,China
2,Ogden,Ander,oander1@w3.org,Female,79.153.96.224,2020/10/15,United States
3,Ludovico,Defew,ldefew2@github.io,Male,44.72.101.250,2020/05/23,Peru
4,Ambrosius,Menlow,amenlow3@weather.com,Male,66.138.160.23,2021/04/11,China
5,Inglebert,Barrasse,ibarrasse4@soup.io,Male,180.85.153.228,2020/08/03,Indonesia
6,Verge,Falla,vfalla5@ucsd.edu,Female,71.150.69.49,2021/03/17,Indonesia
7,Darby,Couchman,dcouchman6@epa.gov,Male,240.18.37.91,2020/07/20,Russia
8,Henka,Sabater,hsabater7@squarespace.com,Female,64.9.232.61,2020/09/25,Russia
9,Monty,Yanin,myanin8@webs.com,Male,203.137.234.230,2020/05/15,Kenya
10,Joelynn,Cowdry,jcowdry9@flavors.me,Female,140.188.107.129,2020/05/18,Indonesia
11,Valene,Utting,vuttinga@comcast.net,Male,26.105.0.12,2020/08/02,Indonesia
12,Hobey,Bindley,hbindleyb@livejournal.com,Female,135.47.66.228,2021/02/03,China
13,Rozamond,Greenleaf,rgreenleafc@exblog.jp,Female,122.68.222.20,2021/05/03,Indonesia
14,Robby,Barhims,rbarhimsd@miibeian.gov.cn,Female,183.0.255.71,2021/02/09,Philippines
15,Lynde,Renbold,lrenbolde@fastcompany.com,Male,67.232.226.88,2020/08/12,Russia
16,Kath,Wyldes,kwyldesf@craigslist.org,Female,45.223.209.98,2020/08/14,Ukraine
17,Anderson,Andrieux,aandrieuxg@google.com.au,Male,213.237.67.125,2020/07/15,Russia
18,Leda,Northcliffe,lnorthcliffeh@cmu.edu,Female,58.68.179.210,2020/11/14,Czech Republic
19,Halimeda,Besset,hbesseti@cocolog-nifty.com,Male,138.55.109.203,2020/07/10,Brazil
20,Lalo,Downgate,ldowngatej@symantec.com,Female,205.227.104.109,2021/03/31,Russia
21,Ethelyn,Lowndsborough,elowndsboroughk@nhs.uk,Male,154.129.103.117,2021/04/26,Libya
22,Seka,Epperson,seppersonl@typepad.com,Female,10.48.84.120,2020/07/21,Colombia
23,Elvina,Caldeyroux,ecaldeyrouxm@home.pl,Male,183.162.245.11,2020/08/22,Vietnam
24,Nettle,Langton,nlangtonn@microsoft.com,Male,14.118.143.43,2020/10/23,China
25,Imogene,Woodrow,iwoodrowo@ted.com,Male,46.3.146.255,2020/08/03,Indonesia
26,Mariam,M'Chirrie,mmchirriep@ihg.com,Female,63.37.196.191,2020/09/22,Indonesia
27,Jozef,Hastelow,jhastelowq@twitpic.com,Female,140.233.68.2,2020/12/28,China
28,Marcella,Plott,mplottr@abc.net.au,Male,179.6.202.245,2021/03/20,Brazil
29,Clyve,Brackstone,cbrackstones@odnoklassniki.ru,Male,245.207.233.192,2021/04/01,Russia
30,Emili,Aldgate,ealdgatet@miitbeian.gov.cn,Male,248.33.97.64,2020/05/24,Philippines
31,Arly,Bergeau,abergeauu@webeden.co.uk,Female,189.54.108.92,2020/11/23,China
32,Nadia,Sambrook,nsambrookv@tiny.cc,Male,192.35.199.241,2020/06/12,South Africa
33,Conney,MacAdie,cmacadiew@g.co,Male,190.115.17.180,2020/07/08,China
34,Berri,Shallow,bshallowx@com.com,Female,35.4.1.21,2020/09/28,Portugal
35,Farly,Leveritt,fleveritty@fotki.com,Male,89.247.41.151,2020/11/05,China
36,Jsandye,Fredi,jfrediz@123-reg.co.uk,Male,49.11.84.102,2021/04/22,Poland
37,Joyous,Mayhow,jmayhow10@imgur.com,Female,253.127.12.244,2020/07/20,Indonesia
38,Abagael,Lattie,alattie11@cisco.com,Female,4.85.28.17,2021/01/07,China
39,Joletta,Sabbins,jsabbins12@paginegialle.it,Female,39.170.121.123,2021/03/28,Indonesia
40,Gratia,Pawsey,gpawsey13@yandex.ru,Male,235.250.204.80,2020/06/07,Greece
41,Gail,Searle,gsearle14@ocn.ne.jp,Male,174.221.190.199,2021/03/03,Philippines
42,Maurise,Magner,mmagner15@photobucket.com,Male,191.100.254.85,2020/11/03,Indonesia
43,Laraine,Seres,lseres16@xrea.com,Male,46.25.71.104,2021/05/02,Indonesia
44,Elke,McPike,emcpike17@tinypic.com,Female,15.204.33.243,2020/08/03,Ecuador
45,Aubrette,Lathleiff,alathleiff18@mediafire.com,Female,26.94.94.48,2020/09/13,France
46,Piggy,Fulun,pfulun19@cafepress.com,Male,164.128.133.17,2020/09/10,Yemen
47,Sonny,Hirthe,shirthe1a@usda.gov,Female,118.115.237.110,2020/09/01,Serbia
48,Janeva,MacConnal,jmacconnal1b@e-recht24.de,Male,79.35.163.236,2020/06/18,Philippines
49,Huntlee,Delieu,hdelieu1c@columbia.edu,Male,93.82.23.195,2020/06/11,Russia
50,Frants,Billany,fbillany1d@list-manage.com,Female,64.42.90.233,2020/08/16,Angola
51,Glori,Guinnane,gguinnane1e.jimdo.com,Kill,24.88.116.9000,16-04-2021,Poland
52,Claribel,Pyott,cpyott1f@washingtonpost.com,Male,126.59.247.199,04-10-2020,Indonesia
53,Sile,Iacomini,siacomini1g@examiner.com,Male,0.187.82.226,16-06-2020,New Zealand
54,Dav,MacFadin,dmacfadin1h@people.com.cn,Male,52.101.43.237,05-05-2021,Indonesia
55,Graham,Rawstorne,grawstorne1i@forbes.com,Male,10.206.109.225,20-09-2020,Poland
56,Simeon,Skippings,sskippings1j@de.vu,Female,186.250.47.178,23-08-2020,Poland
57,Hi,Zorener,hzorener1k@berkeley.edu,Female,1.19.177.114,22-02-2021,China
58,Wynnie,Human,whuman1l@unesco.org,Female,213.12.27.62,05-09-2020,Honduras
59,Olenka,Lemin,olemin1m@hibu.com,Male,131.89.148.254,06-08-2020,Norway
60,Joachim,Jeandeau,jjeandeau1n@msu.edu,Female,207.218.179.107,08-09-2020,Russia
61,Daniela,Vesco,dvesco1o@java.com,Male,200.67.93.235,06-08-2020,Indonesia
62,Isaiah,Putt,iputt1p@washington.edu,Male,80.64.74.105,17-02-2021,Japan
63,Berna,Kirley,bkirley1q@forbes.com,Male,88.156.139.215,15-12-2020,Peru
64,Bennie,Mart,bmart1r@sogou.com,Male,26.2.32.221,06-10-2020,Philippines
65,Jerri,Ort,jort1s@blogger.com,Female,3.10.154.44,04-03-2021,Thailand
66,Jameson,Layne,jlayne1t@biglobe.ne.jp,Female,37.170.59.75,01-06-2020,Brazil
67,Adora,Goakes,agoakes1u@feedburner.com,Female,47.57.63.234,23-08-2020,Indonesia
68,Fayina,Stoade,fstoade1v@github.io,Male,203.107.181.208,07-05-2020,China
69,Jolynn,Mackerel,jmackerel1w@hostgator.com,Female,86.5.20.163,15-05-2020,Belarus
70,Beryl,Oldacres,boldacres1x@tinyurl.com,Male,122.122.95.241,21-05-2020,Nigeria
71,Steward,Haly,bloomberg.com,Female,249.206.235.219,2020/444/15,Kazakhstan
72,Sophey,Ledwidge,sledwidge1znba.com,SWMale,134.61.81.162,2020/09/03,Armenia
73,Dermot,Canter,dcanter20@engadget.com,N,33332.26.171.231,2020/10/30,Nigeria
74,Letti,Leavold,@businessinsider.com,Female,70.250.183.42,2020/55/17,Indonesia
75,Chicky,Zuan,czuan22@nsw.gov.au,Male,8789.131.133.238,2020/10/05,Mexico
76,Konstantine,Simonou,ksimonou23twitter.com,Male,171.28.43.63,2021/04/29,Indonesia
77,Elliot,Roseborough,eroseborough24netscape.com,Male,146.194.79.233,2021/55/26,Canada
78,Nefen,Pelz,npelz25@admin.ch,SW,38.49.250.184,2020/10/33,Brazil
79,Cully,Garard,cgarard26@squidoo.com,Male,108.60.221.45,2020/05/33,Bangladesh
80,Joellyn,Tolumello,jtolumello27@eventbrite.com,Mle,111170.227.114.71,2021/04/11,Ireland
81,Marcille,Spenclay,mspenclay28instagram.com,Fale,51.157.16.148,2021/03/03,China
82,Gonzalo,Cumpsty,gcumpsty29@diigo.com,Mal,123.133.9.146,2020/10/14,China
83,Filmer,Neesam,fneesam2a@geocities.com,Male,255.199.116,2020/08/03,China
84,Lynnett,Portlock,lportlock2b@prlog.org,Male,213.173.86,2020/06/12,Zambia
85,Romy,Lorenc,rlorenc2c@fotki.com,Female,138.110.215.63,2020/10,Russia
86,Ricoriki,Baggs,rbaggs2d@google.com,RTE,15.225.202.41,2020/23/24,China
87,Lauralee,Renehan,lrenehan2e@behance.net,SME,100.141.235.148,2021/02/16,New Zealand
88,Almeta,Gianuzzi,agianuzzi2f-wsj.com,Male,142.37.27.188,2020/05/24,Peru
89,Catina,Butte,cbutte2g@goo.gl,Mle,191.67.160.27,2020/05/20,Portugal
90,Veda,MacGuiness,vmacguiness2h@51.la,Male,63.10.214,2020/33/30,Japan
91,Garek,Kincade,gkincade2i@smh.com.au,Mae,185.234.93.122,2021/87/11,Norway
92,Maryjane,Beange,mbeange2j@admin.ch,Male,3058.40.137,2020/86/02,Philippines
93,Tracey,Swinley,tswinley2knarod.ru,Male,63.84.184.39,2021/33/12,Cameroon
94,Jacinthe,Gyves,jgyves2ltimesonline.co.uk,Male,1868.56.246,2021/01/22,China
95,Pietro,Heales,pheales2mmicrosoft.com,Female,253.93.1111,2020/10/07,China
96,Hillyer,Blakey,hblakey2ndedecms.com,Female,128.125.236.223,2020/605,Peru
97,Huntington,Sherrocks,hsherrocks2o@jalbum.net,ale,94.186.119.255,2019/12/16,Bangladesh
98,Randell,Brister,rbrister2p@dagondesign,Male,166.154.213.220,2020/10/15,Philippines
99,Hamnet,Rowbotham,hrowbotham2q@timesonline.co.uk,Female,121.121.36,2021/01/19,Ethiopia
100,Derrick,Lunge,dlunge2r@ovh.net,e,204.134.255,2021/01/23,Indonesia
101,Mellisa,Dils,mdils2s@google.com.br,Female,198.149.175.144,2021/04/04,Czech Republic
193,Tracey,Swinley,tswinley2knarod.ru,Male,63.84.184.39,2021/33/12,Cameroon
194,Jacinthe,Gyves,jgyves2ltimesonline.co.uk,Male,1868.56.246,2021/01/22,China
195,Pietro,Heales,pheales2mmicrosoft.com,Female,253.93.1111,2020/10/07,China
196,Hillyer,Blakey,hblakey2ndedecms.com,Female,128.125.236.223,2020/605,Peru
197,Huntington,Sherrocks,hsherrocks2o@jalbum.net,ale,94.186.119.255,2019/12/16,Bangladesh
198,Randell,Brister,rbrister2p@dagondesign,Male,166.154.213.220,2020/10/15,Philippines